row_id,target
0-4,0.0011888886034974436
0-32,0.001017082410679249
0-34,0.001017082410679249
